{"Version":2,"SourceFileDate":132590778378865217,"Flags":["FL_BITMAP_COMPRESSION","FL_BITMAP_MIPMAP","FL_BITMAP_QUALITY_HIGH","FL_BITMAP_PRECOMPUTED_INV_AVG"],"InvAvgColor":[1.4940497875213623,2.8808455467224121,33.323108673095703],"HasTransp":true}