{"Version":2,"SourceFileDate":132594132421900799,"Flags":["FL_BITMAP_COMPRESSION","FL_BITMAP_MIPMAP","FL_BITMAP_QUALITY_HIGH","FL_BITMAP_PRECOMPUTED_INV_AVG"],"InvAvgColor":[5.8009300231933594,11.186257362365723,129.41874694824219]}