{"Version":2,"SourceFileDate":132590778519659216,"Flags":["FL_BITMAP_COMPRESSION","FL_BITMAP_MIPMAP","FL_BITMAP_QUALITY_HIGH","FL_BITMAP_PRECOMPUTED_INV_AVG"],"InvAvgColor":[1.4075329303741455,2.7140543460845947,31.394445419311523],"HasTransp":true}