{"Version":2,"SourceFileDate":132594132218355333,"Flags":["FL_BITMAP_COMPRESSION","FL_BITMAP_MIPMAP","FL_BITMAP_QUALITY_HIGH","FL_BITMAP_PRECOMPUTED_INV_AVG"],"InvAvgColor":[4.9296283721923828,9.5062131881713867,109.981689453125]}