{"Version":2,"SourceFileDate":132590779700588797,"Flags":["FL_BITMAP_COMPRESSION","FL_BITMAP_MIPMAP","FL_BITMAP_QUALITY_HIGH","FL_BITMAP_PRECOMPUTED_INV_AVG"],"InvAvgColor":[1.4621044397354126,2.8193221092224121,32.611068725585938],"HasTransp":true}