{"Version":2,"SourceFileDate":132594132097216830,"Flags":["FL_BITMAP_COMPRESSION","FL_BITMAP_MIPMAP","FL_BITMAP_QUALITY_HIGH","FL_BITMAP_PRECOMPUTED_INV_AVG"],"InvAvgColor":[4.9785170555114746,9.6005306243896484,111.07363891601563]}