{"Version":2,"SourceFileDate":132590779830037964,"Flags":["FL_BITMAP_COMPRESSION","FL_BITMAP_MIPMAP","FL_BITMAP_QUALITY_HIGH","FL_BITMAP_PRECOMPUTED_INV_AVG"],"InvAvgColor":[1.4582830667495728,2.8119285106658936,32.526039123535156],"HasTransp":true}