{"Version":2,"SourceFileDate":132590783042158123,"Flags":["FL_BITMAP_COMPRESSION","FL_BITMAP_MIPMAP","FL_BITMAP_QUALITY_HIGH","FL_BITMAP_PRECOMPUTED_INV_AVG"],"InvAvgColor":[1.341410756111145,2.5865347385406494,29.920766830444336],"HasTransp":true}