{"Version":2,"SourceFileDate":132590782649282819,"Flags":["FL_BITMAP_COMPRESSION","FL_BITMAP_MIPMAP","FL_BITMAP_QUALITY_HIGH","FL_BITMAP_PRECOMPUTED_INV_AVG"],"InvAvgColor":[1.3299062252044678,2.5643594264984131,29.664386749267578],"HasTransp":true}