{"Version":2,"SourceFileDate":132594131773815782,"Flags":["FL_BITMAP_COMPRESSION","FL_BITMAP_MIPMAP","FL_BITMAP_QUALITY_HIGH","FL_BITMAP_PRECOMPUTED_INV_AVG"],"InvAvgColor":[4.805694580078125,9.2672500610351562,107.21998596191406]}