{"Version":2,"SourceFileDate":132594131658563568,"Flags":["FL_BITMAP_COMPRESSION","FL_BITMAP_MIPMAP","FL_BITMAP_QUALITY_HIGH","FL_BITMAP_PRECOMPUTED_INV_AVG"],"InvAvgColor":[5.482386589050293,10.572192192077637,122.31017303466797]}