{"Version":2,"SourceFileDate":132594131507704882,"Flags":["FL_BITMAP_COMPRESSION","FL_BITMAP_MIPMAP","FL_BITMAP_QUALITY_HIGH","FL_BITMAP_PRECOMPUTED_INV_AVG"],"InvAvgColor":[4.3350644111633301,8.3596372604370117,96.721580505371094]}