{"Version":2,"SourceFileDate":132590719681249209,"Flags":["FL_BITMAP_COMPRESSION","FL_BITMAP_MIPMAP","FL_BITMAP_QUALITY_HIGH","FL_BITMAP_PRECOMPUTED_INV_AVG"],"InvAvgColor":[1.2636728286743164,2.4366998672485352,28.186798095703125],"HasTransp":true}