{"Version":2,"SourceFileDate":132590785054708631,"Flags":["FL_BITMAP_COMPRESSION","FL_BITMAP_MIPMAP","FL_BITMAP_QUALITY_HIGH","FL_BITMAP_PRECOMPUTED_INV_AVG"],"InvAvgColor":[1.4552003145217896,2.805980920791626,32.457111358642578],"HasTransp":true}