{"Version":2,"SourceFileDate":132594131270053596,"Flags":["FL_BITMAP_COMPRESSION","FL_BITMAP_MIPMAP","FL_BITMAP_QUALITY_HIGH","FL_BITMAP_PRECOMPUTED_INV_AVG"],"InvAvgColor":[4.9206757545471191,9.4885768890380859,109.78587341308594]}