{"Version":2,"SourceFileDate":132594131130250473,"Flags":["FL_BITMAP_COMPRESSION","FL_BITMAP_MIPMAP","FL_BITMAP_QUALITY_HIGH","FL_BITMAP_PRECOMPUTED_INV_AVG"],"InvAvgColor":[4.2793903350830078,8.2520875930786133,95.478271484375]}