{"Version":2,"SourceFileDate":132594131030223290,"Flags":["FL_BITMAP_COMPRESSION","FL_BITMAP_MIPMAP","FL_BITMAP_QUALITY_HIGH","FL_BITMAP_PRECOMPUTED_INV_AVG"],"InvAvgColor":[4.3174266815185547,8.325505256652832,96.328109741210938]}