{"Version":2,"SourceFileDate":132590781965631347,"Flags":["FL_BITMAP_COMPRESSION","FL_BITMAP_MIPMAP","FL_BITMAP_QUALITY_HIGH","FL_BITMAP_PRECOMPUTED_INV_AVG"],"InvAvgColor":[1.3908901214599609,2.6819460391998291,31.024087905883789],"HasTransp":true}