{"Version":2,"SourceFileDate":132590781513380961,"Flags":["FL_BITMAP_COMPRESSION","FL_BITMAP_MIPMAP","FL_BITMAP_QUALITY_HIGH","FL_BITMAP_PRECOMPUTED_INV_AVG"],"InvAvgColor":[1.3787730932235718,2.6585540771484375,30.754207611083984],"HasTransp":true}