{"Version":2,"SourceFileDate":132594130395581998,"Flags":["FL_BITMAP_COMPRESSION","FL_BITMAP_MIPMAP","FL_BITMAP_QUALITY_HIGH","FL_BITMAP_PRECOMPUTED_INV_AVG"],"InvAvgColor":[4.1863613128662109,8.072789192199707,93.404815673828125]}