{"Version":2,"SourceFileDate":132594130533834051,"Flags":["FL_BITMAP_COMPRESSION","FL_BITMAP_MIPMAP","FL_BITMAP_QUALITY_HIGH","FL_BITMAP_PRECOMPUTED_INV_AVG"],"InvAvgColor":[4.6900820732116699,9.0441312789916992,104.63880157470703]}