{"Version":2,"SourceFileDate":132594130670674299,"Flags":["FL_BITMAP_COMPRESSION","FL_BITMAP_MIPMAP","FL_BITMAP_QUALITY_HIGH","FL_BITMAP_PRECOMPUTED_INV_AVG"],"InvAvgColor":[3.8244578838348389,7.3748779296875,85.331703186035156]}