{"Version":2,"SourceFileDate":132590719804902778,"Flags":["FL_BITMAP_COMPRESSION","FL_BITMAP_MIPMAP","FL_BITMAP_QUALITY_HIGH","FL_BITMAP_PRECOMPUTED_INV_AVG"],"InvAvgColor":[1.2999643087387085,2.5066139698028564,28.996519088745117],"HasTransp":true}