{"Version":2,"SourceFileDate":132590784835430912,"Flags":["FL_BITMAP_COMPRESSION","FL_BITMAP_MIPMAP","FL_BITMAP_QUALITY_HIGH","FL_BITMAP_PRECOMPUTED_INV_AVG"],"InvAvgColor":[1.5139445066452026,2.9192137718200684,33.767066955566406],"HasTransp":true}