{"Version":2,"SourceFileDate":132590720005896657,"Flags":["FL_BITMAP_COMPRESSION","FL_BITMAP_MIPMAP","FL_BITMAP_QUALITY_HIGH","FL_BITMAP_PRECOMPUTED_INV_AVG"],"InvAvgColor":[1.2976807355880737,2.502185583114624,28.945713043212891],"HasTransp":true}