{"Version":2,"SourceFileDate":132590784591558546,"Flags":["FL_BITMAP_COMPRESSION","FL_BITMAP_MIPMAP","FL_BITMAP_QUALITY_HIGH","FL_BITMAP_PRECOMPUTED_INV_AVG"],"InvAvgColor":[1.5100322961807251,2.9116804599761963,33.679740905761719],"HasTransp":true}