{"Version":2,"SourceFileDate":132590719900500102,"Flags":["FL_BITMAP_COMPRESSION","FL_BITMAP_MIPMAP","FL_BITMAP_QUALITY_HIGH","FL_BITMAP_PRECOMPUTED_INV_AVG"],"InvAvgColor":[1.3040671348571777,2.5144984722137451,29.087907791137695],"HasTransp":true}