{"Version":2,"SourceFileDate":132594133254829961,"Flags":["FL_BITMAP_COMPRESSION","FL_BITMAP_MIPMAP","FL_BITMAP_QUALITY_HIGH","FL_BITMAP_PRECOMPUTED_INV_AVG"],"InvAvgColor":[3.2660226821899414,6.2980475425720215,72.871772766113281]}