{"Version":2,"SourceFileDate":132596057478124244,"Flags":["FL_BITMAP_COMPRESSION","FL_BITMAP_MIPMAP","FL_BITMAP_QUALITY_HIGH","FL_BITMAP_PRECOMPUTED_INV_AVG"],"InvAvgColor":[1.4016286134719849,2.7027583122253418,31.27946662902832],"HasTransp":true}