{"Version":2,"SourceFileDate":132596057553484049,"Flags":["FL_BITMAP_COMPRESSION","FL_BITMAP_MIPMAP","FL_BITMAP_QUALITY_HIGH","FL_BITMAP_PRECOMPUTED_INV_AVG"],"InvAvgColor":[1.4016284942626953,2.7027578353881836,31.279462814331055],"HasTransp":true}