{"Version":2,"SourceFileDate":132596057288084308,"Flags":["FL_BITMAP_COMPRESSION","FL_BITMAP_MIPMAP","FL_BITMAP_QUALITY_HIGH","FL_BITMAP_PRECOMPUTED_INV_AVG"],"InvAvgColor":[1.3325231075286865,2.5695242881774902,29.737277984619141],"HasTransp":true}