{"Version":2,"SourceFileDate":132596057058188123,"Flags":["FL_BITMAP_COMPRESSION","FL_BITMAP_MIPMAP","FL_BITMAP_QUALITY_HIGH","FL_BITMAP_PRECOMPUTED_INV_AVG"],"InvAvgColor":[1.4608685970306396,2.8169982433319092,32.601478576660156],"HasTransp":true}