{"Version":2,"SourceFileDate":132596056763559369,"Flags":["FL_BITMAP_COMPRESSION","FL_BITMAP_MIPMAP","FL_BITMAP_QUALITY_HIGH","FL_BITMAP_PRECOMPUTED_INV_AVG"],"InvAvgColor":[1.3923823833465576,2.6849365234375,31.073184967041016],"HasTransp":true}