{"Version":2,"SourceFileDate":132596056632675193,"Flags":["FL_BITMAP_COMPRESSION","FL_BITMAP_MIPMAP","FL_BITMAP_QUALITY_HIGH","FL_BITMAP_PRECOMPUTED_INV_AVG"],"InvAvgColor":[1.3242905139923096,2.5536289215087891,29.553730010986328],"HasTransp":true}