{"Version":2,"SourceFileDate":132596056450215190,"Flags":["FL_BITMAP_COMPRESSION","FL_BITMAP_MIPMAP","FL_BITMAP_QUALITY_HIGH","FL_BITMAP_PRECOMPUTED_INV_AVG"],"InvAvgColor":[1.4508216381072998,2.7976377010345459,32.377281188964844],"HasTransp":true}