{"Version":2,"SourceFileDate":132596056002526804,"Flags":["FL_BITMAP_COMPRESSION","FL_BITMAP_MIPMAP","FL_BITMAP_QUALITY_HIGH","FL_BITMAP_PRECOMPUTED_INV_AVG"],"InvAvgColor":[1.4045088291168213,2.708315372467041,31.343912124633789],"HasTransp":true}