{"Version":2,"SourceFileDate":132596056101145390,"Flags":["FL_BITMAP_COMPRESSION","FL_BITMAP_MIPMAP","FL_BITMAP_QUALITY_HIGH","FL_BITMAP_PRECOMPUTED_INV_AVG"],"InvAvgColor":[1.4045091867446899,2.7083163261413574,31.34391975402832],"HasTransp":true}