{"Version":2,"SourceFileDate":132596055547924197,"Flags":["FL_BITMAP_COMPRESSION","FL_BITMAP_MIPMAP","FL_BITMAP_QUALITY_HIGH","FL_BITMAP_PRECOMPUTED_INV_AVG"],"InvAvgColor":[1.4639929533004761,2.8230264186859131,32.671390533447266],"HasTransp":true}