{"Version":2,"SourceFileDate":132596055818979235,"Flags":["FL_BITMAP_COMPRESSION","FL_BITMAP_MIPMAP","FL_BITMAP_QUALITY_HIGH","FL_BITMAP_PRECOMPUTED_INV_AVG"],"InvAvgColor":[1.335247278213501,2.5747566223144531,29.798309326171875],"HasTransp":true}