{"Version":2,"SourceFileDate":132596055289080953,"Flags":["FL_BITMAP_COMPRESSION","FL_BITMAP_MIPMAP","FL_BITMAP_QUALITY_HIGH","FL_BITMAP_PRECOMPUTED_INV_AVG"],"InvAvgColor":[1.3731377124786377,2.647862434387207,30.643390655517578],"HasTransp":true}