{"Version":2,"SourceFileDate":132596055356257139,"Flags":["FL_BITMAP_COMPRESSION","FL_BITMAP_MIPMAP","FL_BITMAP_QUALITY_HIGH","FL_BITMAP_PRECOMPUTED_INV_AVG"],"InvAvgColor":[1.3731374740600586,2.6478621959686279,30.64338493347168],"HasTransp":true}