{"Version":2,"SourceFileDate":132596054924409440,"Flags":["FL_BITMAP_COMPRESSION","FL_BITMAP_MIPMAP","FL_BITMAP_QUALITY_HIGH","FL_BITMAP_PRECOMPUTED_INV_AVG"],"InvAvgColor":[1.4300495386123657,2.7576024532318115,31.913541793823242],"HasTransp":true}