{"Version":2,"SourceFileDate":132596055047363088,"Flags":["FL_BITMAP_COMPRESSION","FL_BITMAP_MIPMAP","FL_BITMAP_QUALITY_HIGH","FL_BITMAP_PRECOMPUTED_INV_AVG"],"InvAvgColor":[1.3067551851272583,2.5198156833648682,29.162399291992188],"HasTransp":true}