{"Version":2,"SourceFileDate":132596054011919686,"Flags":["FL_BITMAP_COMPRESSION","FL_BITMAP_MIPMAP","FL_BITMAP_QUALITY_HIGH","FL_BITMAP_PRECOMPUTED_INV_AVG"],"InvAvgColor":[1.3614619970321655,2.6253113746643066,30.383377075195312],"HasTransp":true}