{"Version":2,"SourceFileDate":132596054154532081,"Flags":["FL_BITMAP_COMPRESSION","FL_BITMAP_MIPMAP","FL_BITMAP_QUALITY_HIGH","FL_BITMAP_PRECOMPUTED_INV_AVG"],"InvAvgColor":[1.4336501359939575,2.7645201683044434,31.994033813476562],"HasTransp":true}