{"Version":2,"SourceFileDate":132596053937722215,"Flags":["FL_BITMAP_COMPRESSION","FL_BITMAP_MIPMAP","FL_BITMAP_QUALITY_HIGH","FL_BITMAP_PRECOMPUTED_INV_AVG"],"InvAvgColor":[1.3614616394042969,2.6253106594085693,30.383369445800781],"HasTransp":true}