{"Version":2,"SourceFileDate":132596053743701154,"Flags":["FL_BITMAP_COMPRESSION","FL_BITMAP_MIPMAP","FL_BITMAP_QUALITY_HIGH","FL_BITMAP_PRECOMPUTED_INV_AVG"],"InvAvgColor":[1.4955939054489136,2.8839752674102783,33.376445770263672],"HasTransp":true}