{"Version":2,"SourceFileDate":132596053502962703,"Flags":["FL_BITMAP_COMPRESSION","FL_BITMAP_MIPMAP","FL_BITMAP_QUALITY_HIGH","FL_BITMAP_PRECOMPUTED_INV_AVG"],"InvAvgColor":[1.4048645496368408,2.7090017795562744,31.351808547973633],"HasTransp":true}