{"Version":2,"SourceFileDate":132596053584481999,"Flags":["FL_BITMAP_COMPRESSION","FL_BITMAP_MIPMAP","FL_BITMAP_QUALITY_HIGH","FL_BITMAP_PRECOMPUTED_INV_AVG"],"InvAvgColor":[1.4048651456832886,2.7090027332305908,31.35181999206543],"HasTransp":true}