{"Version":2,"SourceFileDate":132596053129319585,"Flags":["FL_BITMAP_COMPRESSION","FL_BITMAP_MIPMAP","FL_BITMAP_QUALITY_HIGH","FL_BITMAP_PRECOMPUTED_INV_AVG"],"InvAvgColor":[1.4643803834915161,2.8237738609313965,32.679988861083984],"HasTransp":true}