{"Version":2,"SourceFileDate":132596053291739066,"Flags":["FL_BITMAP_COMPRESSION","FL_BITMAP_MIPMAP","FL_BITMAP_QUALITY_HIGH","FL_BITMAP_PRECOMPUTED_INV_AVG"],"InvAvgColor":[1.3355554342269897,2.5753519535064697,29.80518913269043],"HasTransp":true}