{"Version":2,"SourceFileDate":132596052294769496,"Flags":["FL_BITMAP_COMPRESSION","FL_BITMAP_MIPMAP","FL_BITMAP_QUALITY_HIGH","FL_BITMAP_PRECOMPUTED_INV_AVG"],"InvAvgColor":[1.3608132600784302,2.6240534782409668,30.368640899658203],"HasTransp":true}