{"Version":2,"SourceFileDate":132596051904001503,"Flags":["FL_BITMAP_COMPRESSION","FL_BITMAP_MIPMAP","FL_BITMAP_QUALITY_HIGH","FL_BITMAP_PRECOMPUTED_INV_AVG"],"InvAvgColor":[1.2958583831787109,2.498795747756958,28.919239044189453],"HasTransp":true}