{"Version":2,"SourceFileDate":132596051826052713,"Flags":["FL_BITMAP_COMPRESSION","FL_BITMAP_MIPMAP","FL_BITMAP_QUALITY_HIGH","FL_BITMAP_PRECOMPUTED_INV_AVG"],"InvAvgColor":[1.2958581447601318,2.4987952709197998,28.919233322143555],"HasTransp":true}