{"Version":2,"SourceFileDate":132596051003741084,"Flags":["FL_BITMAP_COMPRESSION","FL_BITMAP_MIPMAP","FL_BITMAP_QUALITY_HIGH","FL_BITMAP_PRECOMPUTED_INV_AVG"],"InvAvgColor":[1.4165124893188477,2.7314653396606445,31.611696243286133],"HasTransp":true}