{"Version":2,"SourceFileDate":132596049819580145,"Flags":["FL_BITMAP_COMPRESSION","FL_BITMAP_MIPMAP","FL_BITMAP_QUALITY_HIGH","FL_BITMAP_PRECOMPUTED_INV_AVG"],"InvAvgColor":[1.307975172996521,2.5221552848815918,29.189334869384766],"HasTransp":true}