{"Version":2,"SourceFileDate":132596051449665772,"Flags":["FL_BITMAP_COMPRESSION","FL_BITMAP_MIPMAP","FL_BITMAP_QUALITY_HIGH","FL_BITMAP_PRECOMPUTED_INV_AVG"],"InvAvgColor":[1.2474861145019531,2.4055414199829102,27.839475631713867],"HasTransp":true}