{"Version":2,"SourceFileDate":132596049216529434,"Flags":["FL_BITMAP_COMPRESSION","FL_BITMAP_MIPMAP","FL_BITMAP_QUALITY_HIGH","FL_BITMAP_PRECOMPUTED_INV_AVG"],"InvAvgColor":[1.3593018054962158,2.6211328506469727,30.334774017333984],"HasTransp":true}