{"Version":2,"SourceFileDate":132594128546743575,"Flags":["FL_BITMAP_COMPRESSION","FL_BITMAP_MIPMAP","FL_BITMAP_QUALITY_HIGH","FL_BITMAP_PRECOMPUTED_INV_AVG"],"InvAvgColor":[4.4922809600830078,8.663456916809082,100.21883392333984]}