{"Version":2,"SourceFileDate":132594134034019315,"Flags":["FL_BITMAP_COMPRESSION","FL_BITMAP_MIPMAP","FL_BITMAP_QUALITY_HIGH","FL_BITMAP_PRECOMPUTED_INV_AVG"],"InvAvgColor":[3.3457152843475342,6.4518465995788574,74.648849487304688]}