{"Version":2,"SourceFileDate":132594128297305257,"Flags":["FL_BITMAP_COMPRESSION","FL_BITMAP_MIPMAP","FL_BITMAP_QUALITY_HIGH","FL_BITMAP_PRECOMPUTED_INV_AVG"],"InvAvgColor":[4.3038492202758789,8.2994346618652344,96.020164489746094]}