{"Version":2,"SourceFileDate":132594134272942048,"Flags":["FL_BITMAP_COMPRESSION","FL_BITMAP_MIPMAP","FL_BITMAP_QUALITY_HIGH","FL_BITMAP_PRECOMPUTED_INV_AVG"],"InvAvgColor":[3.239302396774292,6.2465448379516602,72.275772094726563]}