{"Version":2,"SourceFileDate":132590694888324864,"Flags":["FL_BITMAP_COMPRESSION","FL_BITMAP_MIPMAP","FL_BITMAP_QUALITY_HIGH","FL_BITMAP_PRECOMPUTED_INV_AVG"],"InvAvgColor":[1.3673322200775146,2.383352518081665,2.383352518081665],"HasTransp":true}