{"Version":2,"SourceFileDate":132594128902743863,"Flags":["FL_BITMAP_COMPRESSION","FL_BITMAP_MIPMAP","FL_BITMAP_QUALITY_HIGH","FL_BITMAP_PRECOMPUTED_INV_AVG"],"InvAvgColor":[4.8343968391418457,9.3225774765014648,107.85279083251953]}