{"Version":2,"SourceFileDate":132594134434073792,"Flags":["FL_BITMAP_COMPRESSION","FL_BITMAP_MIPMAP","FL_BITMAP_QUALITY_HIGH","FL_BITMAP_PRECOMPUTED_INV_AVG"],"InvAvgColor":[3.532463550567627,6.8118734359741211,78.814239501953125]}