{"Version":2,"SourceFileDate":132594129020814464,"Flags":["FL_BITMAP_COMPRESSION","FL_BITMAP_MIPMAP","FL_BITMAP_QUALITY_HIGH","FL_BITMAP_PRECOMPUTED_INV_AVG"],"InvAvgColor":[3.921069860458374,7.561248779296875,87.483421325683594]}