{"Version":2,"SourceFileDate":132594134571253564,"Flags":["FL_BITMAP_COMPRESSION","FL_BITMAP_MIPMAP","FL_BITMAP_QUALITY_HIGH","FL_BITMAP_PRECOMPUTED_INV_AVG"],"InvAvgColor":[3.0179336071014404,5.8196649551391602,67.3377685546875]}