{"Version":2,"SourceFileDate":132595775502069634,"Flags":["FL_BITMAP_COMPRESSION","FL_BITMAP_MIPMAP","FL_BITMAP_QUALITY_HIGH","FL_BITMAP_PRECOMPUTED_INV_AVG"],"InvAvgColor":[1.3931137323379517,2.6863975524902344,31.089015960693359],"HasTransp":true}