{"Version":2,"SourceFileDate":132595775093739032,"Flags":["FL_BITMAP_COMPRESSION","FL_BITMAP_MIPMAP","FL_BITMAP_QUALITY_HIGH","FL_BITMAP_PRECOMPUTED_INV_AVG"],"InvAvgColor":[1.4516074657440186,2.7991905212402344,32.394416809082031],"HasTransp":true}