{"Version":2,"SourceFileDate":132595776501701768,"Flags":["FL_BITMAP_COMPRESSION","FL_BITMAP_MIPMAP","FL_BITMAP_QUALITY_HIGH","FL_BITMAP_PRECOMPUTED_INV_AVG"],"InvAvgColor":[1.3375539779663086,2.5792112350463867,29.849319458007813],"HasTransp":true}