{"Version":2,"SourceFileDate":132595776217468616,"Flags":["FL_BITMAP_COMPRESSION","FL_BITMAP_MIPMAP","FL_BITMAP_QUALITY_HIGH","FL_BITMAP_PRECOMPUTED_INV_AVG"],"InvAvgColor":[1.3912701606750488,2.6827981472015381,31.048072814941406],"HasTransp":true}