{"Version":2,"SourceFileDate":132595777142499993,"Flags":["FL_BITMAP_COMPRESSION","FL_BITMAP_MIPMAP","FL_BITMAP_QUALITY_HIGH","FL_BITMAP_PRECOMPUTED_INV_AVG"],"InvAvgColor":[1.3732864856719971,2.6481199264526367,30.64691162109375],"HasTransp":true}