{"Version":2,"SourceFileDate":132595776906600203,"Flags":["FL_BITMAP_COMPRESSION","FL_BITMAP_MIPMAP","FL_BITMAP_QUALITY_HIGH","FL_BITMAP_PRECOMPUTED_INV_AVG"],"InvAvgColor":[1.4300159215927124,2.7575187683105469,31.912904739379883],"HasTransp":true}