{"Version":2,"SourceFileDate":132595777913918756,"Flags":["FL_BITMAP_COMPRESSION","FL_BITMAP_MIPMAP","FL_BITMAP_QUALITY_HIGH","FL_BITMAP_PRECOMPUTED_INV_AVG"],"InvAvgColor":[1.3708219528198242,2.6434078216552734,30.591644287109375],"HasTransp":true}