{"Version":2,"SourceFileDate":132595777702905181,"Flags":["FL_BITMAP_COMPRESSION","FL_BITMAP_MIPMAP","FL_BITMAP_QUALITY_HIGH","FL_BITMAP_PRECOMPUTED_INV_AVG"],"InvAvgColor":[1.4274173974990845,2.7525398731231689,31.85468864440918],"HasTransp":true}