{"Version":2,"SourceFileDate":132595778756408336,"Flags":["FL_BITMAP_COMPRESSION","FL_BITMAP_MIPMAP","FL_BITMAP_QUALITY_HIGH","FL_BITMAP_PRECOMPUTED_INV_AVG"],"InvAvgColor":[1.3766330480575562,2.6546041965484619,30.721309661865234],"HasTransp":true}