{"Version":2,"SourceFileDate":132595778447001831,"Flags":["FL_BITMAP_COMPRESSION","FL_BITMAP_MIPMAP","FL_BITMAP_QUALITY_HIGH","FL_BITMAP_PRECOMPUTED_INV_AVG"],"InvAvgColor":[1.4337226152420044,2.7646884918212891,31.995382308959961],"HasTransp":true}