{"Version":2,"SourceFileDate":132879148932605007,"Flags":["FL_BITMAP_COMPRESSION","FL_BITMAP_MIPMAP","FL_BITMAP_QUALITY_HIGH","FL_BITMAP_PRECOMPUTED_INV_AVG"],"InvAvgColor":[1.3902469873428345,2.6808567047119141,31.025035858154297],"HasTransp":true}