{"Version":2,"SourceFileDate":132879150038914607,"Flags":["FL_BITMAP_COMPRESSION","FL_BITMAP_MIPMAP","FL_BITMAP_QUALITY_HIGH","FL_BITMAP_PRECOMPUTED_INV_AVG"],"InvAvgColor":[1.5263288021087646,2.9432706832885742,34.062107086181641],"HasTransp":true}