{"Version":2,"SourceFileDate":132879165183558596,"Flags":["FL_BITMAP_COMPRESSION","FL_BITMAP_MIPMAP","FL_BITMAP_QUALITY_HIGH","FL_BITMAP_PRECOMPUTED_INV_AVG"],"InvAvgColor":[5.3380165100097656,10.295035362243652,119.09473419189453]}