{"Version":2,"SourceFileDate":132591633803548131,"Flags":["FL_BITMAP_COMPRESSION","FL_BITMAP_MIPMAP","FL_BITMAP_QUALITY_HIGH","FL_BITMAP_PRECOMPUTED_INV_AVG"],"InvAvgColor":[87.952079772949219,113.31918334960938,189.796630859375],"HasTransp":true}