{"Version":2,"SourceFileDate":132590928209317065,"Flags":["FL_BITMAP_COMPRESSION","FL_BITMAP_MIPMAP","FL_BITMAP_QUALITY_HIGH","FL_BITMAP_PRECOMPUTED_INV_AVG"],"InvAvgColor":[51.394039154052734,71.1082763671875,159.49592590332031],"HasTransp":true}