{"Version":2,"SourceFileDate":132596157982215183,"Flags":["FL_BITMAP_COMPRESSION","FL_BITMAP_MIPMAP","FL_BITMAP_QUALITY_HIGH","FL_BITMAP_PRECOMPUTED_INV_AVG"],"InvAvgColor":[2.2050967216491699,4.2520737648010254,49.210353851318359],"HasTransp":true}