{"Version":2,"SourceFileDate":132591857541049671,"Flags":["FL_BITMAP_COMPRESSION","FL_BITMAP_MIPMAP","FL_BITMAP_QUALITY_HIGH","FL_BITMAP_PRECOMPUTED_INV_AVG"],"InvAvgColor":[1.6362622976303101,6.2324838638305664,6.2324838638305664]}