{"Version":2,"SourceFileDate":132879167717034646,"Flags":["FL_BITMAP_COMPRESSION","FL_BITMAP_MIPMAP","FL_BITMAP_QUALITY_HIGH","FL_BITMAP_PRECOMPUTED_INV_AVG"],"InvAvgColor":[1.4694191217422485,3.234750509262085,3.234750509262085]}